Title,Air Date,Code,#,Description,Season,Episode
Cartman Gets an Anal Probe,"August 13, 1997",101,1,"While the boys are waiting for the school bus, Cartman explains the odd nightmare he had the previous night involving alien visitors.",1,1
Weight Gain 4000,"August 20, 1997",102,2,"When Cartman's environmental essay wins a national contest, America's sweetheart, Kathie Lee Gifford, comes to South Park to present the award.",1,2
Volcano,"August 27, 1997",103,3,"A weekend trip to experience the finer points of camping, fishing and blowing animals to smithereens is threatened by an erupting volcano.",1,3
Big Gay Al's Big Gay Boat Ride,"September 3, 1997",104,4,"When Stan discovers his new dog Sparky is gay, he becomes so confused he loses his will to play in the big Homecoming Football game against North Park.",1,4
An Elephant Makes Love to a Pig,"September 10, 1997",105,5,"Kyle's mom won't let him keep his new pet, an elephant because it's so huge. So the boys turn to Dr. Mephesto to genetically engineer a smaller elephant.",1,5
Death,"September 17, 1997",106,6,"Grandpa's sole birthday wish is for Stan to take part in his assisted suicide. Meanwhile, Mrs. Broflovski has organized a protest against the boys' favorite TV show, ""Terrance and Phillip"".",1,6
Pinkeye,"October 29, 1997",107,7,A mishap at the morgue transforms the residents of South Park into brain-eating zombies and threatens the boys' night of Trick-or-Treating.,1,7
Starvin' Marvin,"November 19, 1997",109,8,"Mistaking Cartman for a starving African child, government authorities send him to Ethiopia where he runs into Sally Struthers.",1,9
"Mr. Hankey, the Christmas Poo","December 17, 1997",110,9,"While South Park Elementary is attempting to stage a non-denominational holiday play that won't offend (or entertain) anyone, Kyle checks himself into the South Park mental asylum.",1,10
Damien,"February 4, 1998",108,10,"After being shunned by the others kids, Damien, the Son of Satan, calls upon his father to fight Jesus in the ultimate Pay-Per-View Boxing Match between good and evil.",1,8
Tom's Rhinoplasty,"February 11, 1998",111,11,"While Mr. Garrison deserts the class for a visit to Tom's Rhinoplasty, Stan, Kyle, Kenny, and Cartman all compete for the attention of Ms. Ellen, the new substitute teacher.",1,11
Mecha-Streisand,"February 18, 1998",112,12,The boys' discovery of a prehistoric relic spawns a monster that threatens to destroy South Park and the world.,1,12
Cartman's Mom is a Dirty Slut,"February 25, 1998",113,13,Who is Eric Cartman's father? It could be anyone who attended South Park's 12th Annual Drunken Barn Dance.,1,13
Terrance and Phillip in Not Without My Anus,"April 1, 1998",201,14,"Terrance and Phillip must save Terrance's little daughter, Sally, and all of Canada from an evil dictator.",2,1
Cartman's Mom is Still a Dirty Slut,"April 22, 1998",202,15,The boys wait for Dr. Mephesto to regain consciousness and reveal the identity of Cartman's father.,2,2
Ike's Wee Wee,"May 20, 1998",204,16,"Mr. Mackey, the school counselor, is fired and turns to drugs and alcohol. Meanwhile, when the boys find out what it means to be circumcised they try to save Ike from his bris.",2,4
Chickenlover,"May 27, 1998",203,17,"When Barbrady resigns, anarchy ensues and the boys pitch in to help.",2,3
Conjoined Fetus Lady,"June 3, 1998",205,18,The boys go to China to compete in a dodgeball championship. The town holds an appreciation week for the school nurse.,2,5
The Mexican Staring Frog of Southern Sri Lanka,"June 10, 1998",206,19,"Jimbo and Ned's efforts to drive up the ratings for their new hunting show on the cable access channel threatens to edge out an old favorite, Jesus and Pals.",2,6
City on the Edge of Forever (Flashbacks),"June 17, 1998",207,20,A freak accident leaves the South Park Elementary school bus teetering precariously on the edge of a cliff.,2,7
Summer Sucks,"June 24, 1998",208,21,The entire town is gearing up for the annual 4th of July celebration when a ban on fireworks is imposed.,2,8
Chef's Chocolate Salty Balls,"August 19, 1998",209,22,"South Park's first film festival attracts crowds of pretentious, tofu-eating movie lovers to the quiet mountain town.",2,9
Chickenpox,"August 26, 1998",210,23,"The kids' parents only have their best interests at heart when they arrange for Stan, Kyle and Cartman to be exposed to the chickenpox virus.",2,10
Roger Ebert Should Lay off the Fatty Foods,"September 2, 1998",211,24,"Is the new planetarium a harmless place to learn about the solar system, or the scene of a diabolical plot to control the minds of South Park's citizens?",2,11
Clubhouses,"September 23, 1998",212,25,"Stan and Kyle are psyched to have Wendy and Bebe visit their clubhouse for a game of Truth or Dare, but first they have to build one.",2,12
Cow Days,"September 30, 1998",213,26,"South Park's 14th Annual ""Cow Days"" rodeo and carnival is here and the boys are determined to win Terrance and Phillip dolls.",2,13
Chef Aid,"October 7, 1998",214,27,"After a huge loss in court, Chef is left penniless, but he has some very famous and talented friends in the music business who want to help their old mentor.",2,14
Spookyfish,"October 28, 1998",215,28,"When Sharon Marsh's Aunt Flo makes a monthly visit, she brings a mysterious pet fish for Stan.",2,15
Merry Christmas Charlie Manson!,"December 9, 1998",216,29,"Dinner with Cartman's family takes a bizarre twist when Uncle Howard shows up after breaking out of prison with the help of his cellmate, Charlie Manson.",2,16
Gnomes,"December 16, 1998",217,30,"Cartman, Stan, Kyle and Kenny are assigned to write a report with Tweek, the very nervous and highly caffeinated boy who insists gnomes are stealing his underpants.",2,17
Prehistoric Ice Man,"January 20, 1999",218,31,The boys' discovery of a man encased in ice threatens Stan and Kyle's friendship.,2,18
Rainforest Shmainforest,"April 7, 1999",301,32,"The boys travel to the Costa Rica as a part of the ""Getting Gay with Kids"" choir tour.",3,1
Spontaneous Combustion,"April 14, 1999",302,33,"When the citizens of South Park start exploding randomly, the mayor enlists Stan's dad, the resident geologist, to find a solution to the problem.",3,2
The Succubus,"April 21, 1999",303,34,Chef's parents arrive in South Park from Scotland fresh from an encounter with the Loch Ness Monster to attend Chef's wedding.,3,3
Jakovasaurs,"June 16, 1999",305,35,The boys discover a prehistoric creature called a Jakovasaur while camping at Stark's Pond.,3,5
Tweek vs. Craig,"June 23, 1999",304,36,"The boys instigate a fight between Tweek and Craig in shop class. Meanwhile, Mr. Adler, the shop teacher, is haunted by a recurring dream of his lost love.",3,4
Sexual Harassment Panda,"July 7, 1999",306,37,"After Sexual Harassment Panda ""educates"" the children, Cartman sues Stan for sexual harassment, and a flurry of other lawsuits follow.",3,6
Cat Orgy,"July 14, 1999",307,38,While all the adults are gathering at Mr. Mackey's house to watch a meteor shower Shelly Marsh is left babysit Cartman.,3,7
Two Guys Naked in a Hot Tub,"July 21, 1999",308,39,"Stan's parents drag him along to Mr. Mackey's meteor shower party, where he is sent down into the basement to play with Pip, Butters and Dougie.",3,8
Jewbilee,"July 28, 1999",309,40,"Kyle invites Kenny to join him and Ike at Jewbilee, a camp for Jewish kids.",3,9
Korn's Groovy Pirate Ghost Mystery,"October 27, 1999",312,41,Korn comes to South Park for a Halloween concert and helps the boys solve a spooky pirate ghost mystery.,3,12
Chinpokomon,"November 3, 1999",310,42,"Stan, Kyle, Cartman and Kenny are caught up in the latest fad from Japan: Chinpoko Mon!",3,10
Hooked on Monkey Fonics,"November 10, 1999",313,43,"To help Cartman win the school spelling bee, Cartman's Mom gives him the Hooked on Monkey Fonics spelling system.",3,13
Starvin' Marvin in Space,"November 17, 1999",311,44,"Starvin' Marvin returns to South Park with an alien spaceship and enlists Cartman, Stan, Kyle and Kenny's help to seek out a new home for his starving people.",3,11
The Red Badge of Gayness,"November 24, 1999",314,45,"Cartman has visions of glory as he suits up for the Confederacy in the annual reenactment of a Civil War battle, and leads the drunken rebels to defeat the union.",3,14
Mr. Hankey's Christmas Classics,"December 1, 1999",315,46,"An extravaganza of holiday songs are performed in unique South Park style, hosted by Mr. Hankey.",3,15
"Are You There God? It's Me, Jesus","December 29, 1999",316,47,People from all over the world start to gather outside Jesus' house waiting for a millennium miracle.,3,16
World Wide Recorder Concert,"January 12, 2000",317,48,"The children of South Park are invited to Arkansas for the ""Four Million Child Blow 2000,"" the first worldwide recorder concert.",3,17
The Tooth Fairy Tats 2000,"April 5, 2000",402,49,"When Cartman discovers the Tooth Fairy is paying a premium price for his lost teeth, he and the boys seize the opportunity to make some cash.",4,2
Cartman's Silly Hate Crime 2000,"April 12, 2000",401,50,Cartman is pursued by the FBI for committing a hate crime and lands in juvenile hall.,4,1
Timmy 2000,"April 19, 2000",404,51,"When Timmy is diagnosed with Attention Deficit Disorder, it triggers a wave of prescription drug abuse at South Park Elementary.",4,4
Quintuplets 2000,"April 26, 2000",403,52,8-year-old contorting quintuplets from Romania defect to the United States and seek shelter with Stan's family.,4,3
Cartman Joins NAMBLA,"June 21, 2000",406,53,"Cartman decides to seek friendship using the Internet, and finds an older man who is more than willing to be his friend...and more.",4,6
Cherokee Hair Tampons,"June 28, 2000",407,54,Kyle needs a kidney transplant and Cartman is discovered to be the perfect donor. Cartman gladly offers his kidney to Kyle -- for the price of $10 million dollars.,4,7
Chef Goes Nanners,"July 5, 2000",408,55,Chef's passionate protest declaring the South Park flag racist enflames the entire town.,4,8
Something You Can Do with Your Finger,"July 12, 2000",409,56,"""Fingerbang"" is the newest boy band starring all the boys and it's also Cartman's latest scheme to make a million dollars.",4,9
Do the Handicapped Go to Hell?,"July 19, 2000",410,57,"The boys learn in Sunday school that they must confess their sins, but worry about Timmy since all he can say is his own name.",4,10
Probably,"July 26, 2000",411,58,"Cartman's flock begins to grow and the children begin plans to build him a Church. Meanwhile, Satan turns to God for advice.",4,11
Fourth Grade,"November 8, 2000",412,59,"The boys devise a plan to travel back in time a full year and return to the third grade, with the help of Timmy and his electronic wheelchair.",4,12
Trapper Keeper,"November 15, 2000",413,60,"When Cartman finally stops bragging about his new Trapper Keeper, a stranger informs him that it will eventually take over the world and destroy humankind, if they don't destroy it first.",4,13
Helen Keller! The Musical,"November 22, 2000",414,61,"When Butters informs the fourth graders that the Kindergarteners' school play is a magnificent sight to behold, they go through a lot of pain to make sure they beat the tiny tots' show.",4,14
Pip,"November 29, 2000",405,62,When Pip is offered the opportunity to become a gentleman he goes to London only to discover that Miss Havisham plans to break his heart.,4,5
Fat Camp,"December 6, 2000",415,63,"Cartman's family and friends have intervened and are forcing him to trim down. While Cartman's away, Kenny's star is on the rise when he gets his own reality TV show.",4,15
The Wacky Molestation Adventure,"December 13, 2000",416,64,"To get back at his parents for not letting him go to a concert, Kyle tells the police that his parents molested him. Soon, the whole town is free of adults and divided into two rival cities.",4,16
A Very Crappy Christmas,"December 20, 2000",417,65,"When Mr. Hankey skips Christmas, the boys find him living with his alcoholic wife and their three little nuggets. He tells them that no one is into Christmas anymore.",4,17
It Hits the Fan,"June 20, 2001",502,66,"The boys and Chef must stop the world from chanting the curse word ""shit"" because when spoken it causes people to ""puke their own guts out"".",5,2
Cripple Fight,"June 27, 2001",503,67,"Big Gay Al becomes the boys' scoutmaster and a fight ensues between two handicapped children, Jimmy Swanson and Timmy.",5,3
Super Best Friends,"July 4, 2001",504,68,"A cult comes to South Park and it is up to Stan, Jesus and his super hero comrades to save the world.",5,4
Scott Tenorman Must Die,"July 11, 2001",501,69,Cartman repeatedly tries to take revenge on an 8th/9th grader who keeps making fun of him.,5,1
Terrance and Phillip: Behind the Blow,"July 18, 2001",505,70,The boys try to reunite Terrance and Phillip who are feuding so they can perform at an Earth Day assembly.,5,5
Cartmanland,"July 25, 2001",506,71,"Kyle develops a deadly hemorrhoid and begins to lose his faith in God when Cartman inherits $1 million from his grandmother, which he uses to buy his own amusement park.",5,6
Proper Condom Use,"August 1, 2001",507,72,"The school is forced to teach sex education to the students at a younger age after the boys are found ""milking"" dogs.",5,7
Towelie,"August 8, 2001",508,73,"In order to get their video game console back, the boys must bring a talking towel to the government.",5,8
Osama bin Laden Has Farty Pants,"November 7, 2001",509,74,The boys go to Afghanistan to return a goat given as a gift.,5,9
How to Eat with Your Butt,"November 14, 2001",510,75,Cartman puts Kenny's picture on a milk carton which brings a family from another state looking for him.,5,10
The Entity,"November 21, 2001",511,76,"Kyle's cousin, who is also named Kyle, comes to stay in South Park.;Mr. Garrison, tired of the airlines, decides to invent his own vehicle.",5,11
Here Comes the Neighborhood,"November 28, 2001",512,77,"Token is tired of being teased for being rich, and he brings wealthier families to South Park.",5,12
Kenny Dies,"December 5, 2001",513,78,Kenny succumbs to an illness; Cartman acquires stem cells for research.,5,13
Butters' Very Own Episode,"December 12, 2001",514,79,Butters goes on a chase to find out what his father bought his mother for their anniversary.,5,14
Jared Has Aides,"March 6, 2002",602,80,"After meeting Jared Fogle, famous for losing weight by eating Subway sandwiches, the boys form a get-rich-quick scheme involving Butters becoming the weight-loss spokesman for City Wok.",6,2
Asspen,"March 13, 2002",603,81,The boys and their parents travel to Aspen for a winter vacation. Stan is challenged by teenagers to a ski race while the boys' parents are trapped at a TimeShare meeting.,6,3
Freak Strike,"March 20, 2002",601,82,"The boys convince Butters to appear on ""The Maury Povich Show"" with a fake facial deformity in order to receive the show's prizes.",6,1
Fun with Veal,"March 27, 2002",605,83,The boys are on a mission to rescue a bunch of baby cows from certain slaughter.,6,5
The New Terrance and Phillip Movie Trailer,"April 3, 2002",604,84,"The boys are anxious to see a new movie trailer during a commercial break, and, after Stan's TV is destroyed, frantically run around town in search of a working TV.",6,4
Professor Chaos,"April 10, 2002",606,85,"Butters decides to wreak havoc on South Park as a super-villain after being relieved of his duty of being the boys' new fourth friend. Meanwhile, the boys hold auditions to find a replacement friend.",6,6
The Simpsons Already Did It,"June 26, 2002",607,86,"Professor Chaos (Butters) proposes numerous evil plans, only to be informed by General Disarray (Dougie) that they have been done before. Cartman builds a miniature society with aquarium creatures.",6,7
Red Hot Catholic Love,"July 3, 2002",608,87,"Priest Maxi attempts to uncover the Catholic Church's child molestation cases; South Park parents convert their families to atheism. Oh, and people crap out of their mouths.",6,8
Free Hat,"July 10, 2002",609,88,"Stan, Kyle, Cartman, and Tweek are on a mission to stop Steven Spielberg and George Lucas from editing their classic films, though the boys' supporters are more concerned about freeing a certain criminal from prison.",6,9
Bebe's Boobs Destroy Society,"July 17, 2002",610,89,"At exactly the same time Bebe starts developing breasts, the boys of South Park Elementary suddenly begin to notice how cool she is.",6,10
Child Abduction is Not Funny,"July 24, 2002",611,90,Numerous news reports about missing children in other cities incite panic among South Park parents.,6,11
A Ladder to Heaven,"November 6, 2002",612,91,"After realizing that Kenny was the one with their candy shopping spree raffle ticket before he died, the boys construct a ladder leading to heaven in an attempt to find out from Kenny the location of the ticket.",6,12
The Return of the Fellowship of the Ring to the Two Towers,"November 13, 2002",613,92,"A mix-up lands a ""Lord of the Rings"" video tape with Randy and Sharon Marsh, and a hardcore porno tape with the boys.",6,13
The Death Camp of Tolerance,"November 20, 2002",614,93,"Mr. Garrison, newly promoted to fourth-grade teacher, attempts to use his homosexuality to get fired so he can sue the school for a substantial sum of money. The students' disgust with Garrison's outrageously inappropriate behavior with his new partner Mr. Slave incurs the anger of their parents, who attempt to teach their children to be tolerant of homosexuals.",6,14
The Biggest Douche in the Universe,"November 27, 2002",615,94,"After the events in ""A Ladder to Heaven"", in which Cartman drinks Kenny's soul, Cartman becomes sick and travels with the boys and Chef to have Kenny's spirit exorcised. Stan has a run-in with famous TV ""psychic"" John Edward.",6,15
My Future Self n' Me,"December 4, 2002",616,95,"Stan is suspicious when an alcoholic, drug-addicted future version of himself ""travels back"" in time and meets him.",6,16
Red Sleigh Down,"December 11, 2002",617,96,"Cartman, concerned about being on Santa's ""naughty list"", takes Stan and Kyle on a mission to bring Christmas to a war-torn Iraq.",6,17
Cancelled,"March 19, 2003",704,97,The boys learn that Earth is a reality show for aliens and must save it from cancellation.,7,4
Krazy Kripples,"March 26, 2003",702,98,Timmy and Jimmy start a club for cripples. Christopher Reeve comes to town to promote stem cell research.,7,2
Toilet Paper,"April 2, 2003",703,99,Kyle feels guilty after he and the boys TP their art teacher's house.,7,3
I'm a Little Bit Country,"April 9, 2003",701,100,The boys enter an anti-war demonstration; Cartman travels back in time to the American Revolutionary War era.,7,1
Fat Butt and Pancake Head,"April 16, 2003",705,101,"Cartman's hand puppet Jennifer Lopez gets major publicity, which angers the real Jennifer Lopez.",7,5
Lil' Crime Stoppers,"April 23, 2003",706,102,The boys pretend to be police detectives.,7,6
Red Man's Greed,"April 30, 2003",707,103,The town is taken over by Native Americans who want to create a highway.,7,7
South Park is Gay!,"October 22, 2003",708,104,The men and boys of town become metrosexual.,7,8
Christian Rock Hard,"October 29, 2003",709,105,"Cartman, Token, and Butters form a Christian music band. Stan, Kyle, and Kenny learn about downloading free music off the Internet.",7,9
Grey Dawn,"November 5, 2003",710,106,"The elderly have their driver's licenses taken away, against which the AARP retaliates.",7,10
Casa Bonita,"November 12, 2003",711,107,"Cartman tries to get himself invited to Kyle's birthday party at Casa Bonita, a Disneyland-like Mexican restaurant.",7,11
All About Mormons,"November 19, 2003",712,108,"Stan befriends a boy and his family, who are all Mormons.",7,12
Butt Out,"December 3, 2003",713,109,The town calls in Rob Reiner to combat the spread of smoking among children after the boys are caught doing so.,7,13
Raisins,"December 10, 2003",714,110,"The boys take Stan to Raisins, a Hooters-like restaurant after Wendy breaks up with him. Butters meets a girl who seems interested in him.",7,14
It's Christmas in Canada,"December 17, 2003",715,111,Kyle and the boys fly to Canada during Christmastime to see the Canadian Prime Minister after Ike's biological parents take him back to Canada.,7,15
Good Times with Weapons,"March 17, 2004",801,112,The boys buy weapons at a fair and imagine themselves as anime characters.,8,1
Up the Down Steroid,"March 24, 2004",803,113,Jimmy uses steroids to cheat in the Special Olympics. Cartman disguises himself as being mentally retarded to win the prize.,8,3
The Passion of the Jew,"March 31, 2004",804,114,Kyle develops feelings of anti-Semitism after watching Mel Gibson's The Passion of the Christ.,8,4
You Got F'd in the A,"April 7, 2004",805,115,Stan must form a dance group to compete against rivals from Orange County in a spoof of You Got Served.,8,5
AWESOM-O,"April 14, 2004",802,116,Cartman pretends to be a robot so he can hear private secrets from Butters.,8,2
The Jeffersons,"April 21, 2004",807,117,All the children want to be friends with a rich new neighbor who is under investigation by the police.,8,7
Goobacks,"April 28, 2004",806,118,The town becomes angry when immigrants from the year 3045 arrive and take the residents' jobs for lower wages.,8,6
Douche and Turd,"October 27, 2004",808,119,Stan is forced to vote in an election for the school's new mascot.,8,8
Something Wall-Mart This Way Comes,"November 3, 2004",809,120,"When a Wall-Mart store comes to South Park, all the independent stores go out of business.",8,9
Pre-School,"November 10, 2004",810,121,A face from the past causes trouble for the boys.,8,10
Quest for Ratings,"November 17, 2004",811,122,The boys' school news show is in competition against a rival television program created by Craig.,8,11
Stupid Spoiled Whore Video Playset,"December 1, 2004",812,123,Wendy feels left out when all the fourth grade girls start acting like Paris Hilton.,8,12
Cartman's Incredible Gift,"December 8, 2004",813,124,Cartman gains paranormal powers and uses them to become a psychic detective for hire.,8,13
Woodland Critter Christmas,"December 15, 2004",814,125,"Stan helps the Woodland Critters, who await the birth of their savior.",8,14
Mr. Garrison's Fancy New Vagina,"March 9, 2005",901,126,"A sex change turns Mr. Garrison into ""Mrs. Garrison"".",9,1
"Die Hippie, Die","March 16, 2005",902,127,"Cartman seeks to rid South Park of its growing hippie population. Stan, Kyle, and Kenny become more like hippies.",9,2
Wing,"March 23, 2005",903,128,The boys start a talent agency in hopes of making money from Token.,9,3
Best Friends Forever,"March 30, 2005",904,129,"Kenny is killed by heaven after becoming master of the PSP, but the town brings him back to life; leaving him in a persistent vegetative state.",9,4
The Losing Edge,"April 6, 2005",905,130,The boys try to lose their baseball games on purpose so they can avoid playing all summer. Randy gets into training to fight the other fathers at the games.,9,5
The Death of Eric Cartman,"April 13, 2005",906,131,"The kids of South Park agree to ignore Cartman, leading him to think that he is dead.",9,6
Erection Day,"April 20, 2005",907,132,Jimmy starts getting erections and worries about performing in the school talent show.,9,7
Two Days Before the Day After Tomorrow,"October 19, 2005",908,133,A state of emergency is declared in South Park after it is announced that global warming is coming.,9,8
Marjorine,"October 26, 2005",909,134,"Butters is forced to fake his own death in order to snoop in on the girls' sleepover as Marjorine, the new girl.",9,9
Follow That Egg!,"November 2, 2005",910,135,"After learning Mr. Slave will marry Big Gay Al, Mrs. Garrison vows to stop same-sex marriage from being approved. A project involving an egg makes Stan and Kyle into rivals.",9,10
Ginger Kids,"November 9, 2005",911,136,"Cartman suffers from a mysterious and sudden onset of the 'disease' Gingervitis. He then starts a campaign to give children in his assumed position ""more than equal"" rights.",9,11
Trapped in the Closet,"November 16, 2005",912,137,"Stan looks to a new religion for answers. Tom Cruise, R. Kelly, and John Travolta lock themselves in Stan's closet.",9,12
Free Willzyx,"November 30, 2005",913,138,"A ""talking"" whale inspires the boys to risk everything to ""return him to his family on the moon"".",9,13
Bloody Mary,"December 7, 2005",914,139,Randy's drinking problem reaches its peak. A Virgin Mary statue in a neighboring town begins to bleed from its rectum.,9,14
The Return of Chef,"March 22, 2006",1001,140,"Chef leaves South Park to join the ""Super Adventure Club"". When he returns, the boys notice there's something wrong with him.",10,1
Smug Alert!,"March 29, 2006",1002,141,"Stan persuades everyone in town to buy hybrid cars, not realizing the new cars cause a different kind of dangerous emission.",10,2
Cartoon Wars Part I,"April 5, 2006",1003,142,The town is in panic when Family Guy angers the Muslim world by attempting to air an image of Mohammed. Kyle agrees to help Cartman have the next uncensored episode pulled.,10,3
Cartoon Wars Part II,"April 12, 2006",1004,143,Cartman meets with the president of FOX in an attempt to cancel Family Guy.,10,4
A Million Little Fibers,"April 19, 2006",1005,144,"Broke and needing to pay for his rent, Towelie gets high and decides to publish his memoirs. However, every time he gets high, something goes wrong.",10,5
ManBearPig,"April 26, 2006",1006,145,"Al Gore gets the boys trapped in the Cave Of The Winds while trying to kill the purported ""Manbearpig"".",10,6
Tsst,"May 3, 2006",1007,146,"When Cartman's mom realizes she can't control her son anymore, she gets help from an expert.",10,7
"Make Love, Not Warcraft","October 4, 2006",1008,147,"The boys dedicate their lives to defeat a mad gamer, and save the World of Warcraft.",10,8
Mystery of the Urinal Deuce,"October 11, 2006",1009,148,"Cartman ""discovers"" the true culprit behind the 9/11 attacks. Mr. Mackey is determined to find out who defecated in the urinal at South Park Elementary.",10,9
Miss Teacher Bangs a Boy,"October 18, 2006",1010,149,"A South Park Elementary School teacher is conducting an illicit affair with a student. As the new School Hallway Monitor, Cartman takes it personally when an infraction is committed in his jurisdiction.",10,10
Hell on Earth 2006,"October 25, 2006",1011,150,"Satan decides to throw a big party on Earth, but has trouble deciding who to invite. He wants to invite lots of celebrities that are alive, but is running out of room for his friends.",10,11
Go God Go,"November 1, 2006",1012,151,"Cartman, unable to wait for the Nintendo Wii, freezes himself until it is released. After an avalanche he becomes trapped and wakes up in the future. Ms. Garrison meets Richard Dawkins.",10,12
Go God Go XII,"November 8, 2006",1013,152,Cartman tries to escape from the future while the war rages on between the Atheist factions.,10,13
Stanley's Cup,"November 15, 2006",1014,153,Stan's bike is towed that he needs for his paper route. To get it back he is forced to coach a pee-wee hockey team.,10,14
With Apologies to Jesse Jackson,"March 7, 2007",1101,154,Randy says n*ggers on Wheel of Fortune and Cartman gets into a fight with a midget.,11,1
Cartman Sucks,"March 14, 2007",1102,155,"Cartman pulls his ""best trick ever"" on Butters and gets him put in a special camp where they ""pray the gay away"".",11,2
Lice Capades,"March 21, 2007",1103,156,A hair lice infection hits South Park Elementary. Can Clyde hide his terrible discovery from the others?,11,3
The Snuke,"March 28, 2007",1104,157,Hillary Clinton's campaign rally arrives in town. Cartman suspects a terrorist threat from the new Muslim student.,11,4
Fantastic Easter Special,"April 4, 2007",1105,158,Stan wonders how Easter Eggs and Jesus dying on the cross are linked. He soon falls in with an eccentric society guarding a timeless secret.,11,5
D-Yikes!,"April 11, 2007",1106,159,"Ms. Garrison gets dumped yet again, and lets her anger out on her fourth grade class.",11,6
Night of the Living Homeless,"April 18, 2007",1107,160,South Park is overrun with the homeless. The boys must figure out a way to get rid of them.,11,7
Le Petit Tourette,"October 3, 2007",1108,161,Cartman discovers the joys of having Tourette's syndrome.,11,8
More Crap,"October 10, 2007",1109,162,Randy becomes a town hero when everyone sees the size of his crap.,11,9
Imaginationland Episode I,"October 17, 2007",1110,163,"Kyle regrets making a bet with Cartman, and the boys enter a mysterious land full of imaginary creatures.",11,10
"Imaginationland, Episode II","October 24, 2007",1111,164,Cartman is determined to find Kyle while Butters remains trapped in Imaginationland as the evil creatures break through the barrier...,11,11
"Imaginationland, Episode III","October 31, 2007",1112,165,"Stan and Butters prepare for the battle of their lives, while Cartman takes his case to the Supreme Court.",11,12
Guitar Queer-O,"November 7, 2007",1113,166,"Stan and Kyle become hooked on guitar hero, but Stan's superior skill threatens his and Kyle's friendship.",11,13
The List,"November 14, 2007",1114,167,The boys try to obtain the list that the girls have made rating how attractive the boys are.,11,14
Tonsil Trouble,"March 12, 2008",1201,168,Cartman has his tonsils removed but is accidentally given HIV as a result of a blood transfusion.,12,1
Britney's New Look,"March 19, 2008",1202,169,The boys travel with Britney Spears to the North Pole and discover the secret of her popularity.,12,2
Major Boobage,"March 26, 2008",1203,170,"Kenny becomes addicted to the latest drug. To get people off this, Gerald proposes a ban on Cats.",12,3
Canada on Strike,"April 2, 2008",1204,171,The head of the World Canadian Bureau leads the country into a long and painful strike.,12,4
"Eek, A Penis!","April 9, 2008",1205,172,Mrs. Garrison goes in search of a way of becoming a man while Cartman is left to substitute.,12,5
Over Logging,"April 16, 2008",1206,173,Randy moves the Marsh family towards California after the internet has gone.,12,6
Super Fun Time,"April 23, 2008",1207,174,"Mr. Garrison's field trip turns into a dangerous situation when everyone is taken hostage, while Butters is forced by Cartman to accompany him to the nearby amusement park.",12,7
The China Probrem,"October 8, 2008",1208,175,Cartman must confront the Chinese alone while the American people are haunted by the memory of recent tragic events.,12,8
Breast Cancer Show Ever,"October 15, 2008",1209,176,Wendy gets into trouble after threatening to beat Cartman after school.,12,9
Pandemic,"October 22, 2008",1210,177,"While the world struggles to contain the latest epedemic of epic proportions, the boys find a way to make money off of it.",12,10
Pandemic 2: The Startling,"October 29, 2008",1211,178,Randy bravely documents the destruction whilst trying to save his family.,12,11
About Last Night...,"November 5, 2008",1212,179,All the president candidates aren't who they seem to be...,12,12
Elementary School Musical,"November 12, 2008",1213,180,"The boys realize they aren't the cool kids anymore, while Stan realizes that he could lose Wendy if he doesn't get on board with the latest fad to hit South Park Elementary",12,13
The Ungroundable,"November 19, 2008",1214,181,"Butters is sure he’s seen a Vampire at school but he can’t get anyone to listen to him. Meanwhile, the Goth Kids are angry and frustrated when the other kids can’t tell the difference between a Goth Kid and a Vampire Kid.",12,14
The Ring,"March 11, 2009",1301,182,"Thinking it's his way into her heart and other body parts, Kenny takes his new girlfriend to a Jonas Brothers concert. His dream of taking their relationship to the next level is crushed with the Jonas Brothers giving them purity rings.",13,1
The Coon,"March 18, 2009",1302,183,The Coon rises from the trash and takes his place as a lone vigilante.,13,2
Margaritaville,"March 25, 2009",1303,184,"The economy is making everyone's life difficult, but Randy has a solution.",13,3
"Eat, Pray, Queef","April 1, 2009",1304,185,"There is a new television series which freaks the boys out, called The Queef Sisters.",13,4
Fishsticks,"April 8, 2009",1305,186,Cartman decides to help Jimmy with his comedy routine. Everyone loves the new joke they come up with. The joke starts to take off and it even hits all the late night talk shows. The boys are thrilled with how popular it’s become until somebody tries to take all the credit.,13,5
Pinewood Derby,"April 15, 2009",1306,187,Randy is determined that Stan will win this year's Pinewood Derby. He comes up with a plan that will assure Stan a first place trophy.,13,6
Fatbeard,"April 22, 2009",1307,188,Butters and a small group of recruits join Cartman in his dream of living on skull island where they will frolic in crystal clear waterfalls and discover buried treasure. Cartman promises that paradise awaits if they can just get to Somalia.,13,7
Dead Celebrities,"October 7, 2009",1308,189,Ike is being tormented by paranormal forces. Kyle brings in professional ghost hunters to help save his little brother.,13,8
Butters' Bottom Bitch,"October 14, 2009",1309,190,Butters is determined to get his first kiss so his friends won't make fun of him anymore.,13,9
W.T.F.,"October 21, 2009",1310,191,The boys decide to take up wrestling.,13,10
Whale Whores,"October 28, 2009",1311,192,Stan joins the whale wars crew and fights against the Japanese protecting the world's whales and dolphins.,13,11
The F Word,"November 4, 2009",1312,193,The boys fight back against the loud and obnoxious Motorcycle Riders that are disrupting everyone in South Park.,13,12
Dances with Smurfs,"November 11, 2009",1313,194,Cartman takes over the morning announcements and uses his new position to attack Wendy.,13,13
Pee,"November 18, 2009",1314,195,"The boys and Jimmy visit the ""Pi Pi Waterland"" and experience a urine catastrophe in a parody of 2012.",13,14
Sexual Healing,"March 17, 2010",1401,196,"The nation’s top scientists come together to put a stop to the recent phenomenon of rich, successful men who suddenly want to have sex with many, many women. After extensive testing, some of the fourth grade boys in South Park Elementary are diagnosed as sex addicts.",14,1
The Tale of Scrotie McBoogerballs,"March 24, 2010",1402,197,"The boys are given a controversial book to read in school that both excites and inspires them to write one of their own. When the boys discover that Stan's mom has found their masterpiece, their new motivation is how they can stay out of trouble.",14,2
Medicinal Fried Chicken,"March 31, 2010",1403,198,Cartman’s favorite restaurant has been shut down and replaced by a store that sells medicinal marijuana. Randy is desperate to get a prescription card to buy pot and Cartman will do anything to get his beloved fried chicken back.,14,3
You Have 0 Friends,"April 7, 2010",1404,199,"Kyle ""friends"" the wrong person on facebook and now all of his old friends are deserting him. His situation is desperate. Kyle looks for help from the one person who has always been there for him. Stan gets sucked into Facebook.",14,4
200,"April 14, 2010",1405,200,"While on a school field trip, Stan accidentally insults Tom Cruise (again), which sets off a chain reaction of enraged celebrities. As a result, 200 previously ridiculed celebrities stand strong in a class action lawsuit against the town of South Park. This could be the thing that destroys South Park forever. So it is up to Stan to come with a plan to sort out this predicament or they are all doomed.",14,5
201,"April 21, 2010",1406,201,"Angry celebrities, violent ginger kids and Mecha Streisand are about to destroy South Park and all anyone wants to know is, “Who is Eric Cartman’s father?”",14,6
Crippled Summer,"April 28, 2010",1407,202,Competition is the name of the game this summer. There is no time for Jimmy and his friends to slack off. They're working to be this year's champions at summer camp. Jimmy suits up and prepares to shred in the annual surfing contest. Meanwhile Towelie goes through drug therapy.,14,7
Poor and Stupid,"October 6, 2010",1408,203,"Cartman wants to race with the pros and he's ready to do whatever it takes to make it happen. He's afraid that no matter how hard he tries, he'll never reach the the level of the other NASCAR drivers. Working with Butters as his pit boss, Cartman pulls out all the stops to compete in the race of his life.",14,8
It's a Jersey Thing,"October 13, 2010",1409,204,"New Jersey is rapidly taking over the nation, one state at a time and their next stop is South Park. As the Jerseyites spill into Colorado and approach South Park, Randy and the boys stand strong against the onslaught.",14,9
Insheeption,"October 20, 2010",1410,205,"When he's sent to the school counselor to talk about his disorder, Stan realizes that he's not the only one who has a problem. When Mr. Mackey and Stan agree to surrender themselves to the hoarding experts, Stan gets a more than a glimpse of what it was like for Mr. Mackey in the 4th grade at South Park Elementary.",14,10
Coon 2: Hindsight,"October 27, 2010",1411,206,"""Coon and Friends"" set out to help the victims of BP's latest catastrophic drilling accident in the Gulf. Much to the Coon's dismay, another Super Hero gets there first.",14,11
Mysterion Rises,"November 3, 2010",1412,207,"Led by Mysterion, Coon and Friends are working together to help the people in the Gulf who are at the mercy of the dark lord, Cthulhu. The Coon, scorned by his fellow super heroes and now working alone, is out for revenge.",14,12
Coon vs. Coon & Friends,"November 10, 2010",1413,208,"Coon and Friends find themselves at the mercy of Cartman who now has the dark lord, Cthulhu, doing his bidding. Kenny wrestles with the curse of his super power through his alter ego, Mysterion.",14,13
Crème Fraiche,"November 17, 2010",1414,209,Stan's life is a shambles both at home and in school. Randy's obsession with the Food Network Is changing everything. It even forces Sharon to explore a new interest of her own.,14,14
HUMANCENTiPAD,"April 27, 2011",1501,210,"Kyle is intimately involved in the development of a revolutionary new product that is about to be launched by Apple. Meanwhile, Cartman doesn't even have a regular iPad yet. He blames his mother.",15,1
Funnybot,"May 4, 2011",1502,211,"At the schools first annual Comedy Awards, Jimmy announces that the Germans are the least funny people in the world. Germany is highly insulted. They vow that retaliation toward the kids at South Park Elementary will be swift and brutal.",15,2
Royal Pudding,"May 11, 2011",1503,212,"It is a joyous time for all Canadians as the royal wedding commences. But just as the prince and princess are about to be joined for all eternity, the princess is abducted! All Canadians are called upon to help save the princess. Ike answers the call to arms.",15,3
T.M.I.,"May 18, 2011",1504,213,Cartman is furious when the school posts the kids' penis sizes on the bulletin board. He throws an absolute fit and once again finds himself in the principal's office. This time he gets sent to anger management therapy.,15,4
Crack Baby Athletic Association,"May 25, 2011",1505,214,"Kyle gets in on the ground floor of Cartman’s latest business venture, The Crack Baby Athletic Association.",15,5
City Sushi,"June 1, 2011",1506,215,"Butters is taken to a psychiatrist who claims that he has Multiple Personality Disorder, in which he needs medication for. Meanwhile, a new restaurant opens next to South Park's City Wok.",15,6
You're Getting Old,"June 8, 2011",1507,216,"After Stan celebrates his 10th birthday, he begins to see everything differently. The other boys think he's become a major buzzkill and start to avoid hanging out with him. When Stan and Kyle have a major blow up, the very fabric of South Park begins to unravel.",15,7
Ass Burgers,"October 5, 2011",1508,217,"Cartman tries to give himself Asperger's Syndrome in an unusual way. Meanwhile, Stan doesn't seem to be able to get his life back to normal no matter what he tries.",15,8
The Last of the Meheecans,"October 12, 2011",1509,218,"Butters ends up living in Mexico. When several mexicans believe it is best to cross over to Mexico, Cartman joins the Border Patrol.",15,9
Bass to Mouth,"October 19, 2011",1510,219,The students of South Park Elementary are the victims of a new gossip website. An elusive hacker has somehow gained access into the student's confidential phone calls and e-mails and is posting all their juicy stories. The boys are shocked when they discover the identity of the hacker.,15,10
Broadway Bro Down,"October 26, 2011",1511,220,"Sharon is thrilled that Randy is making an effort to do more things that she enjoys. But, after he takes her to see a hit musical in Denver, Randy becomes Broadway’s biggest fan. Sharon is whisked away to New York and treated to every musical on the Great White Way.",15,11
1%,"November 2, 2011",1512,221,The kids at South Park Elementary are being punished for Cartman's failings in the physical education department. What will Cartman do when they all gang up on him?,15,12
A History Channel Thanksgiving,"November 9, 2011",1513,222,"After watching a Thanksgiving special on The History Channel, the boys believe that aliens were involved in the original feast. But, questions remain... was the first Thanksgiving haunted? Is alien technology responsible for stuffing? The truth could change Thanksgiving for everyone.",15,13
The Poor Kid,"November 16, 2011",1514,223,"When Kenny's parents are arrested, the McCormick kids are put in an agnostic foster home. Cartman finds out he is the second poorest kid and attempts to get himself put in a foster home on Hawaii; this plan backfires. Cartman ends up living with Kenny where he or Kenny are no longer the ""poor kids"".",15,14
Reverse Cowgirl,"March 14, 2012",1601,224,"When one of the boys leaves the toilet seat up after he uses the bathroom, an unspeakable tragedy occurs.",16,1
Cash For Gold,"March 21, 2012",1602,225,Cartman launches his own gem shopping channel.,16,2
Faith Hilling,"March 28, 2012",1603,226,The kids are in danger when new trends start to evolve and shift at a rapid pace.,16,3
Jewpacabra,"April 4, 2012",1604,227,The town's big Easter Egg Hunt is in jeopardy when Cartman produces video evidence of a mysterious creature lurking in the woods.,16,4
Butterballs,"April 11, 2012",1605,228,Butters is the victim of an unlikely bully.,16,5
I Should Have Never Gone Ziplining,"April 18, 2012",1606,229,The boys' ziplining adventure becomes a terrifying test of survival.,16,6
Cartman Finds Love,"April 25, 2012",1607,230,The time has finally come for Cartman to let a special someone know exactly how he feels.,16,7
Sarcastaball,"September 26, 2012",1608,231,South Park Elementary takes steps to address football's concussion crisis.,16,8
Raising the Bar,"October 3, 2012",1609,232,Cartman finally admits he's fat and immediately gets a mobility scooter.,16,9
Insecurity,"October 10, 2012",1610,233,Cartman signs up for a home security system.,16,10
Going Native,"October 17, 2012",1611,234,It is time for Butters to begin a journey where he will follow in the path of his Hawaiian ancestors.,16,11
A Nightmare on Face Time,"October 24, 2012",1612,235,Randy's big plans for Halloween night keep Stan from trick or treating with his friends.,16,12
A Scause For Applause,"October 31, 2012",1613,236,A serious doping scandal shakes everyone's faith in a beloved icon. Everyone who once supported the fallen hero is now cutting off their symbolic yellow wristbands.,16,13
Obama Wins!,"November 7, 2012",1614,237,Eric Cartman is hiding something in his bedroom that could change the entire outcome of the Presidential election.,16,14
"Let Go, Let Gov","September 25, 2013",1701,238,Cartman infiltrates the NSA and doesn't like what he finds in his personal file.,17,1
Informative Murder Porn,"October 2, 2013",1702,239,The boys use the game of Minecraft as a distraction to keep their parents from hurting each other.,17,2
World War Zimmerman,"October 9, 2013",1703,240,Cartman sees Token as a threat to all humanity.,17,3
Goth Kids 3: Dawn of the Posers,"October 23, 2013",1704,241,The Goth Kids are being sent away to a camp for troubled children.,17,4
Taming Strange,"October 30, 2013",1705,242,"When Ike hits puberty, he and Kyle start to grow apart. To save their relationship, Kyle takes Ike to see a live performance of Yo Gabba Gabba!.",17,5
Ginger Cow,"November 6, 2013",1706,243,Cartman's latest prank brings peace to the world.,17,6
Black Friday,"November 13, 2013",1707,244,The boys prepare to battle the crowds already lining up for the first official day of holiday shopping.,17,7
A Song of Ass and Fire,"November 20, 2013",1708,245,Black Friday is almost here and the battle for the new gaming devices is heating up. Princess Kenny's betrayal has left Cartman out for revenge.,17,8
Titties and Dragons,"December 4, 2013",1709,246,The doors to the mall will finally open for the biggest Black Friday sale in history. The boys are divided over which gaming device to buy and a bloody battle will determine whether Xbox or Sony will be the winner.,17,9
The Hobbit,"December 11, 2013",1710,247,"When Wendy tries to fix one of her girlfriends up with Butters, she ends up in the counselor's office.",17,10
Go Fund Yourself,"September 24, 2014",1801,248,"The boys name their new start-up company, The Washington Redskins.",18,1
Gluten Free Ebola,"October 1, 2014",1802,249,South Park goes gluten free.,18,2
The Cissy,"October 8, 2014",1803,250,"Randy is harboring a giant secret and the pressure is getting to him. Meanwhile, Cartman calls Stan a cissy.",18,3
Handicar,"October 15, 2014",1804,251,Timmy's successful new car service makes him a lot of enemies.,18,4
The Magic Bush,"October 29, 2014",1805,252,Graphic video from an unknown drone is uploaded on the internet.,18,5
Freemium Isn't Free,"November 5, 2014",1806,253,Stan is addicted to the new Terrance and Phillip mobile game.,18,6
Grounded Vindaloop,"November 12, 2014",1807,254,Butters is convinced he's living in a virtual reality.,18,7
Cock Magic,"November 19, 2014",1808,255,There are illegal goings-on in the basement of City Wok.,18,8
#REHASH,"December 3, 2014",1809,256,"Kyle just wants to play video games with his little brother. But, when Ike doesn't want to play with him anymore, Kyle is afraid that the next generation is passing him by.",18,9
#HappyHolograms,"December 10, 2014",1810,257,CartmanBrah is trending as the country prepares to watch the biggest Holiday Spectacular ever.,18,10
Stunning and Brave,"September 16, 2015",1901,258,There is a new principal at the helm of South Park Elementary. He forces the boys to confront the damage they’ve done through their history of racism and unconscious bias. It is the most stunning and brave South Park ever.,19,1
Where My Country Gone?,"September 23, 2015",1902,259,Garrison wants to build a wall to keep out all of the undocumented immigrants.,19,2
The City Part of Town,"September 30, 2015",1903,260,"The town of South Park is gentrifying, Kenny gets a job at City Wok.",19,3
You're Not Yelping,"October 14, 2015",1904,261,A new Mexican restaurant opens in South Park and Eric Cartman will give his expert advice to the owner.,19,4
Safe Space,"October 21, 2015",1905,262,Randy has to deal with uncomfortable confrontations every time he shops at the new Whole Foods. He feels exposed at every turn and it’s ruining his Whole Foods experience. Randy and Cartman are both seeking a safe space.,19,5
Tweek x Craig,"October 28, 2015",1906,263,"The news of a romantic relationship between Tweek and Craig hits South Park Elementary. Meanwhile, Cartman, who struggles to understand his friends’ relationship, finds he has an admirer of his own.",19,6
Naughty Ninjas,"November 11, 2015",1907,264,"When Kenny leads the boys in playing Ninja Warriors, a foreign terrorist organization takes notice.",19,7
Sponsored Content,"November 18, 2015",1908,265,Jimmy is sent to the principal’s office for using an inappropriate word in the school paper. His integrity as a newsman runs head on into PC Principals ideology. Will Jimmy be the undoing of PC Principal?,19,8
Truth and Advertising,"December 2, 2015",1909,266,"Being the crack reporter that he is, Jimmy sets out to learn everything he can about what makes Leslie tick. Meanwhile, Principal Victoria and Mr. Garrison return to a South Park that has become unrecognizable.",19,9
PC Principal Final Justice,"December 9, 2015",1910,267,"The gentrification of South Park is pricing Randy right out of town. Meanwhile, Kyle’s distrust of Stan has broken their friendship and thrown Kyle into a dangerous alliance.",19,10
Member Berries,"September 14, 2016",2001,268,Mr. Garrison is still on the campaign trail as the National Anthem gets a reboot by an American Icon.,20,1
Skank Hunt,"September 21, 2016",2002,269,"The boys decide they have to take down Cartman but meanwhile, Skank Hunt takes his rein of terror global.",20,2
The Damned,"September 28, 2016",2003,270,Gerald is thrilled with the media attention as he continues to troll everyone and anyone.,20,3
Wieners Out,"October 12, 2016",2004,271,"Kyle feels tremendous guilt over the rift between the boys and the girls. When he tries to bring them together, things only get worse. The boys finally band together to stand up for their rights.",20,4
Douche and a Danish,"October 19, 2016",2005,272,"The kids get pulled in to the search for the notorious Skankhunt42. Meanwhile, Gerald joins forces with the other trolls to stop Denmark from launching TrollTrace.com.",20,5
Fort Collins,"October 26, 2016",2006,273,An entire city in Colorado gets hacked. Gerald and Cartman may lose everything when their complete history of internet activity becomes public.,20,6
"Oh, Jeez","November 9, 2016",2007,274,PC Principal tries one more time to make peace between the boys and the girls. Meanwhile Gerald comes face-to-face with the Troll Hunter.,20,7
Members Only,"November 16, 2016",2008,275,"Gerald tries anything to escape the Troll Hunter’s revenge. Meanwhile, Cartman and Heidi make their way to SpaceX to try to get on the first rocket leaving for Mars.",20,8
Not Funny,"November 30, 2016",2009,276,Cartman is certain Heidi can solve the problem of getting them to Mars because she’s really funny. Gerald tries to save himself by reasoning with the Troll Hunter while Garrison explores his new found military power.,20,9
The End of Serialization as We Know It,"December 7, 2016",2010,277,"As TROLLTRACE goes live, Sheila logs on to see Gerald’s on-line activity. At SpaceX, Cartman tries to convince the scientists that going to Mars is a bad idea. And defying their mom, Kyle and Ike get all the kids together to try to save the world from certain destruction..",20,10
White People Renovating Houses,"September 13, 2017",2101,278,Randy comes to grips with what it means to be white in today’s society.,21,1
Put It Down,"September 20, 2017",2102,279,"When Tweek is caught in the middle of a petty conflict, it drives his relationship with Craig to the brink.",21,2
Holiday Special,"September 27, 2017",2103,280,"In a return to form, a forbidden love story between a white man and a Native American man unfolds.",21,3
Franchise Prequel,"October 11, 2017",2104,281,Facebook is the ultimate weapon for Professor Chaos.,21,4
Hummels & Heroin,"October 18, 2017",2105,282,Beloved entertainers are being cut down in their prime due to massive overdoses of opiates. Stan is about to be exposed as the source of the illegal drugs.,21,5
Sons A Witches,"October 25, 2017",2106,283,"At the annual Halloween get together, a witch casts a spell that terrorizes everyone in South Park.",21,6
Doubling Down,"November 8, 2017",2107,284,Kyle is playing with fire when he gets in the middle of Cartman and Heidi’s relationship.,21,7
Moss Piglets,"November 15, 2017",2108,285,Jimmy and Timmy’s experiment could win them first prize in the annual science fair.,21,8
SUPER HARD PCness,"November 29, 2017",2109,286,It’s never been more challenging to be a PC Principal.,21,9
Splatty Tomato,"December 6, 2017",2110,287,The children of South Park claim to have seen Mr. Garrison lurking around town. The townspeople are angry that the President is scaring their children.,21,10
Dead Kids,"September 26, 2018",2201,288,Randy is desperate to help Sharon get her emotions under control and Cartman unexpectedly fails his math test.,22,1
A Boy And A Priest,"October 3, 2018",2202,289,"A very special relationship has developed between Butters and the Parish Priest. When the town finds the church doors locked and no sign of the pair, they call in the Catholic Church",22,2
The Problem with a Poo,"October 10, 2018",2203,290,Mr. Hankey’s offensive behavior puts him in jeopardy of being fired as the Director of the Annual Christmas Pageant.,22,3
Tegridy Farms,"October 17, 2018",2204,291,"Butters is selling vape pens and all kinds of fruity-flavored vape accessories at school. Meanwhile, Randy decides he should move the family to the country and take up farming.",22,4
The Scoots,"October 31, 2018",2205,292,The kids plan to use the latest revolution in mobility to get more candy on Halloween than they have ever gotten before.,22,5
Time To Get Cereal,"November 7, 2018",2206,293,"When dead citizens start popping up all over town, the boys realize they need Al Gore’s help. The boys are willing to do almost anything to save the town, and themselves, but it may be just too late.",22,6
Nobody Got Cereal?,"November 14, 2018",2207,294,The boys break out of jail and are on the run from the police and ManBearPig.,22,7
Buddha Box,"November 28, 2018",2208,295,Cartman just can’t deal with people any longer. They get in the way of what’s most important in his life.,22,8
Unfulfilled,"December 5, 2018",2209,296,The citizens of South Park are enjoying all the perks of being a company town when the Amazon Fulfillment Center moves in. Everything is just swell until the contradictions inherent in capitalism threaten to bring down the entire system down.,22,9
Bike Parade,"December 12, 2018",2210,297,"Despite the chaos at the Amazon Fulfillment Center, the Bike Parade is still on. The boys’ chance of winning is in jeopardy when Kenny resists commercialism in solidarity with the striking workers.",22,10
Mexican Joker,"September 25, 2019",2301,298,"In the pilot episode of the new hit series, Tegridy Farms, Randy battles home-grown weed and comes to terms with the fact that he might be a towel. Meanwhile, Kyle goes to camp.",23,1
Band in China,"October 2, 2019",2302,299,"Randy lands himself in big trouble on a visit to China. Meanwhile, Stan starts a band to work out his frustration over having to move away from South Park.",23,2
Shots!!!,"October 9, 2019",2303,300,"This week, Randy revels in a Tegridy Farms milestone. Meanwhile, Cartman stands his ground and refuses to get a shot.",23,3
Let Them Eat Goo,"October 16, 2019",2304,301,The citizens of South Park are moving toward a completely plant-based diet. Cartman is pretty sure the new food in the cafeteria gave him a heart attack.,23,4
Tegridy Farms Halloween Special,"October 30, 2019",2305,302,It’s Halloween and Randy is dealing with his daughter’s marijuana problem. Butters gets an unexpected surprise when he visits the Egyptian Artifact exhibit at the Denver Museum.,23,5
Season Finale,"November 6, 2019",2306,303,The Mayor has evidence that Randy blew up his neighbor’s yards in protest over homegrown weed and then blamed it on a Mexican Joker. Now the citizens of South Park have had enough of Randy and Tegridy Farms and they just want to lock him up.,23,6
Board Girls,"November 13, 2019",2307,304,"In the season opener, an even stronger woman causes big problems for PC Principal. Cartman, Stan, and the rest of the boys meet their match when some of the girls join their board gamers club.",23,7
Turd Burglars,"November 27, 2019",2308,305,Kyle’s mom looks so good after her fecal transplant that everyone wants to get their hands on her goods. Cartman and the boys jump into the quest for the best microbiome.,23,8
Basic Cable,"December 4, 2019",2309,306,Scott Malkinson’s future with the new girl in his class depends on him getting the latest and greatest streaming platform. Scott’s dad works for the local cable company and refuses to move beyond basic cable.,23,9
Christmas Snow,"December 11, 2019",2310,307,It's a bleak Christmas Season in South Park this year and it's all Santa's fault. He is single handedly stealing the joy from the holiday. The town just wants their Christmas Spirit back but that will take a Christmas miracle.,23,10
The Pandemic Special,"September 30, 2020",2401,308,"Randy comes to terms with his role in the COVID-19 outbreak as the on-going pandemic presents continued challenges to the citizens of South Park. The kids happily head back to school but nothing resembles the normal that they once knew; not their teachers, not their homeroom, not even Eric Cartman.",24,1
South ParQ Vaccination Special,"March 10, 2021",2402,309,The citizens of South ParQ are clamoring for the COVID-19 vaccine. A hilarious new militant group tries to stop the boys from getting their teacher vaccinated.,24,2
